date_id,month,day,year,quarter
1577836800000,1,1,2020,1
1577923200000,1,2,2020,1
1578009600000,1,3,2020,1
1578096000000,1,4,2020,1
1578182400000,1,5,2020,1
1578268800000,1,6,2020,1
1578355200000,1,7,2020,1
1578441600000,1,8,2020,1
1578528000000,1,9,2020,1
1578614400000,1,10,2020,1
1578700800000,1,11,2020,1
1578787200000,1,12,2020,1
1578873600000,1,13,2020,1
1578960000000,1,14,2020,1
1579046400000,1,15,2020,1
1579132800000,1,16,2020,1
1579219200000,1,17,2020,1
1579305600000,1,18,2020,1
1579392000000,1,19,2020,1
1579478400000,1,20,2020,1
1579564800000,1,21,2020,1
1579651200000,1,22,2020,1
1579737600000,1,23,2020,1
1579824000000,1,24,2020,1
1579910400000,1,25,2020,1
1579996800000,1,26,2020,1
1580083200000,1,27,2020,1
1580169600000,1,28,2020,1
1580256000000,1,29,2020,1
1580342400000,1,30,2020,1
1580428800000,1,31,2020,1
1580515200000,2,1,2020,1
1580601600000,2,2,2020,1
1580688000000,2,3,2020,1
1580774400000,2,4,2020,1
1580860800000,2,5,2020,1
1580947200000,2,6,2020,1
1581033600000,2,7,2020,1
1581120000000,2,8,2020,1
1581206400000,2,9,2020,1
1581292800000,2,10,2020,1
1581379200000,2,11,2020,1
1581465600000,2,12,2020,1
1581552000000,2,13,2020,1
1581638400000,2,14,2020,1
1581724800000,2,15,2020,1
1581811200000,2,16,2020,1
1581897600000,2,17,2020,1
1581984000000,2,18,2020,1
1582070400000,2,19,2020,1
1582156800000,2,20,2020,1
1582243200000,2,21,2020,1
1582329600000,2,22,2020,1
1582416000000,2,23,2020,1
1582502400000,2,24,2020,1
1582588800000,2,25,2020,1
1582675200000,2,26,2020,1
1582761600000,2,27,2020,1
1582848000000,2,28,2020,1
1582934400000,2,29,2020,1
1583020800000,3,1,2020,1
1583107200000,3,2,2020,1
1583193600000,3,3,2020,1
1583280000000,3,4,2020,1
1583366400000,3,5,2020,1
1583452800000,3,6,2020,1
1583539200000,3,7,2020,1
1583625600000,3,8,2020,1
1583712000000,3,9,2020,1
1583798400000,3,10,2020,1
1583884800000,3,11,2020,1
1583971200000,3,12,2020,1
1584057600000,3,13,2020,1
1584144000000,3,14,2020,1
1584230400000,3,15,2020,1
1584316800000,3,16,2020,1
1584403200000,3,17,2020,1
1584489600000,3,18,2020,1
1584576000000,3,19,2020,1
1584662400000,3,20,2020,1
1584748800000,3,21,2020,1
1584835200000,3,22,2020,1
1584921600000,3,23,2020,1
1585008000000,3,24,2020,1
1585094400000,3,25,2020,1
1585180800000,3,26,2020,1
1585267200000,3,27,2020,1
1585353600000,3,28,2020,1
1585440000000,3,29,2020,1
1585526400000,3,30,2020,1
1585612800000,3,31,2020,1
1585699200000,4,1,2020,2
1585785600000,4,2,2020,2
1585872000000,4,3,2020,2
1585958400000,4,4,2020,2
1586044800000,4,5,2020,2
1586131200000,4,6,2020,2
1586217600000,4,7,2020,2
1586304000000,4,8,2020,2
1586390400000,4,9,2020,2
1586476800000,4,10,2020,2
1586563200000,4,11,2020,2
1586649600000,4,12,2020,2
1586736000000,4,13,2020,2
1586822400000,4,14,2020,2
1586908800000,4,15,2020,2
1586995200000,4,16,2020,2
1587081600000,4,17,2020,2
1587168000000,4,18,2020,2
1587254400000,4,19,2020,2
1587340800000,4,20,2020,2
1587427200000,4,21,2020,2
1587513600000,4,22,2020,2
1587600000000,4,23,2020,2
1587686400000,4,24,2020,2
1587772800000,4,25,2020,2
1587859200000,4,26,2020,2
1587945600000,4,27,2020,2
1588032000000,4,28,2020,2
1588118400000,4,29,2020,2
1588204800000,4,30,2020,2
1588291200000,5,1,2020,2
1588377600000,5,2,2020,2
1588464000000,5,3,2020,2
1588550400000,5,4,2020,2
1588636800000,5,5,2020,2
1588723200000,5,6,2020,2
1588809600000,5,7,2020,2
1588896000000,5,8,2020,2
1588982400000,5,9,2020,2
1589068800000,5,10,2020,2
1589155200000,5,11,2020,2
1589241600000,5,12,2020,2
1589328000000,5,13,2020,2
1589414400000,5,14,2020,2
1589500800000,5,15,2020,2
1589587200000,5,16,2020,2
1589673600000,5,17,2020,2
1589760000000,5,18,2020,2
1589846400000,5,19,2020,2
1589932800000,5,20,2020,2
1590019200000,5,21,2020,2
1590105600000,5,22,2020,2
1590192000000,5,23,2020,2
1590278400000,5,24,2020,2
1590364800000,5,25,2020,2
1590451200000,5,26,2020,2
1590537600000,5,27,2020,2
1590624000000,5,28,2020,2
1590710400000,5,29,2020,2
1590796800000,5,30,2020,2
1590883200000,5,31,2020,2
1590969600000,6,1,2020,2
1591056000000,6,2,2020,2
1591142400000,6,3,2020,2
1591228800000,6,4,2020,2
1591315200000,6,5,2020,2
1591401600000,6,6,2020,2
1591488000000,6,7,2020,2
1591574400000,6,8,2020,2
1591660800000,6,9,2020,2
1591747200000,6,10,2020,2
1591833600000,6,11,2020,2
1591920000000,6,12,2020,2
1592006400000,6,13,2020,2
1592092800000,6,14,2020,2
1592179200000,6,15,2020,2
1592265600000,6,16,2020,2
1592352000000,6,17,2020,2
1592438400000,6,18,2020,2
1592524800000,6,19,2020,2
1592611200000,6,20,2020,2
1592697600000,6,21,2020,2
1592784000000,6,22,2020,2
1592870400000,6,23,2020,2
1592956800000,6,24,2020,2
1593043200000,6,25,2020,2
1593129600000,6,26,2020,2
1593216000000,6,27,2020,2
1593302400000,6,28,2020,2
1593388800000,6,29,2020,2
1593475200000,6,30,2020,2
1593561600000,7,1,2020,3
1593648000000,7,2,2020,3
1593734400000,7,3,2020,3
1593820800000,7,4,2020,3
1593907200000,7,5,2020,3
1593993600000,7,6,2020,3
1594080000000,7,7,2020,3
1594166400000,7,8,2020,3
1594252800000,7,9,2020,3
1594339200000,7,10,2020,3
1594425600000,7,11,2020,3
1594512000000,7,12,2020,3
1594598400000,7,13,2020,3
1594684800000,7,14,2020,3
1594771200000,7,15,2020,3
1594857600000,7,16,2020,3
1594944000000,7,17,2020,3
1595030400000,7,18,2020,3
1595116800000,7,19,2020,3
1595203200000,7,20,2020,3
1595289600000,7,21,2020,3
1595376000000,7,22,2020,3
1595462400000,7,23,2020,3
1595548800000,7,24,2020,3
1595635200000,7,25,2020,3
1595721600000,7,26,2020,3
1595808000000,7,27,2020,3
1595894400000,7,28,2020,3
1595980800000,7,29,2020,3
1596067200000,7,30,2020,3
1596153600000,7,31,2020,3
1596240000000,8,1,2020,3
1596326400000,8,2,2020,3
1596412800000,8,3,2020,3
1596499200000,8,4,2020,3
1596585600000,8,5,2020,3
1596672000000,8,6,2020,3
1596758400000,8,7,2020,3
1596844800000,8,8,2020,3
1596931200000,8,9,2020,3
1597017600000,8,10,2020,3
1597104000000,8,11,2020,3
1597190400000,8,12,2020,3
1597276800000,8,13,2020,3
1597363200000,8,14,2020,3
1597449600000,8,15,2020,3
1597536000000,8,16,2020,3
1597622400000,8,17,2020,3
1597708800000,8,18,2020,3
1597795200000,8,19,2020,3
1597881600000,8,20,2020,3
1597968000000,8,21,2020,3
1598054400000,8,22,2020,3
1598140800000,8,23,2020,3
1598227200000,8,24,2020,3
1598313600000,8,25,2020,3
1598400000000,8,26,2020,3
1598486400000,8,27,2020,3
1598572800000,8,28,2020,3
1598659200000,8,29,2020,3
1598745600000,8,30,2020,3
1598832000000,8,31,2020,3
1598918400000,9,1,2020,3
1599004800000,9,2,2020,3
1599091200000,9,3,2020,3
1599177600000,9,4,2020,3
1599264000000,9,5,2020,3
1599350400000,9,6,2020,3
1599436800000,9,7,2020,3
1599523200000,9,8,2020,3
1599609600000,9,9,2020,3
1599696000000,9,10,2020,3
1599782400000,9,11,2020,3
1599868800000,9,12,2020,3
1599955200000,9,13,2020,3
1600041600000,9,14,2020,3
1600128000000,9,15,2020,3
1600214400000,9,16,2020,3
1600300800000,9,17,2020,3
1600387200000,9,18,2020,3
1600473600000,9,19,2020,3
1600560000000,9,20,2020,3
1600646400000,9,21,2020,3
1600732800000,9,22,2020,3
1600819200000,9,23,2020,3
1600905600000,9,24,2020,3
1600992000000,9,25,2020,3
1601078400000,9,26,2020,3
1601164800000,9,27,2020,3
1601251200000,9,28,2020,3
1601337600000,9,29,2020,3
1601424000000,9,30,2020,3
1601510400000,10,1,2020,4
1601596800000,10,2,2020,4
1601683200000,10,3,2020,4
1601769600000,10,4,2020,4
1601856000000,10,5,2020,4
1601942400000,10,6,2020,4
1602028800000,10,7,2020,4
1602115200000,10,8,2020,4
1602201600000,10,9,2020,4
1602288000000,10,10,2020,4
1602374400000,10,11,2020,4
1602460800000,10,12,2020,4
1602547200000,10,13,2020,4
1602633600000,10,14,2020,4
1602720000000,10,15,2020,4
1602806400000,10,16,2020,4
1602892800000,10,17,2020,4
1602979200000,10,18,2020,4
1603065600000,10,19,2020,4
1603152000000,10,20,2020,4
1603238400000,10,21,2020,4
1603324800000,10,22,2020,4
1603411200000,10,23,2020,4
1603497600000,10,24,2020,4
1603584000000,10,25,2020,4
1603670400000,10,26,2020,4
1603756800000,10,27,2020,4
1603843200000,10,28,2020,4
1603929600000,10,29,2020,4
1604016000000,10,30,2020,4
1604102400000,10,31,2020,4
1604188800000,11,1,2020,4
1604275200000,11,2,2020,4
1604361600000,11,3,2020,4
1604448000000,11,4,2020,4
1604534400000,11,5,2020,4
1604620800000,11,6,2020,4
1604707200000,11,7,2020,4
1604793600000,11,8,2020,4
1604880000000,11,9,2020,4
1604966400000,11,10,2020,4
1605052800000,11,11,2020,4
1605139200000,11,12,2020,4
1605225600000,11,13,2020,4
1605312000000,11,14,2020,4
1605398400000,11,15,2020,4
1605484800000,11,16,2020,4
1605571200000,11,17,2020,4
1605657600000,11,18,2020,4
1605744000000,11,19,2020,4
1605830400000,11,20,2020,4
1605916800000,11,21,2020,4
1606003200000,11,22,2020,4
1606089600000,11,23,2020,4
1606176000000,11,24,2020,4
1606262400000,11,25,2020,4
1606348800000,11,26,2020,4
1606435200000,11,27,2020,4
1606521600000,11,28,2020,4
1606608000000,11,29,2020,4
1606694400000,11,30,2020,4
1606780800000,12,1,2020,4
1606867200000,12,2,2020,4
1606953600000,12,3,2020,4
1607040000000,12,4,2020,4
1607126400000,12,5,2020,4
1607212800000,12,6,2020,4
1607299200000,12,7,2020,4
1607385600000,12,8,2020,4
1607472000000,12,9,2020,4
1607558400000,12,10,2020,4
1607644800000,12,11,2020,4
1607731200000,12,12,2020,4
1607817600000,12,13,2020,4
1607904000000,12,14,2020,4
1607990400000,12,15,2020,4
1608076800000,12,16,2020,4
1608163200000,12,17,2020,4
1608249600000,12,18,2020,4
1608336000000,12,19,2020,4
1608422400000,12,20,2020,4
1608508800000,12,21,2020,4
1608595200000,12,22,2020,4
1608681600000,12,23,2020,4
1608768000000,12,24,2020,4
1608854400000,12,25,2020,4
1608940800000,12,26,2020,4
1609027200000,12,27,2020,4
1609113600000,12,28,2020,4
1609200000000,12,29,2020,4
1609286400000,12,30,2020,4
1609372800000,12,31,2020,4
1609459200000,1,1,2021,1
1609545600000,1,2,2021,1
1609632000000,1,3,2021,1
1609718400000,1,4,2021,1
1609804800000,1,5,2021,1
1609891200000,1,6,2021,1
1609977600000,1,7,2021,1
1610064000000,1,8,2021,1
1610150400000,1,9,2021,1
1610236800000,1,10,2021,1
1610323200000,1,11,2021,1
1610409600000,1,12,2021,1
1610496000000,1,13,2021,1
1610582400000,1,14,2021,1
1610668800000,1,15,2021,1
1610755200000,1,16,2021,1
1610841600000,1,17,2021,1
1610928000000,1,18,2021,1
1611014400000,1,19,2021,1
1611100800000,1,20,2021,1
1611187200000,1,21,2021,1
1611273600000,1,22,2021,1
1611360000000,1,23,2021,1
1611446400000,1,24,2021,1
1611532800000,1,25,2021,1
1611619200000,1,26,2021,1
1611705600000,1,27,2021,1
1611792000000,1,28,2021,1
1611878400000,1,29,2021,1
1611964800000,1,30,2021,1
1612051200000,1,31,2021,1
1612137600000,2,1,2021,1
1612224000000,2,2,2021,1
1612310400000,2,3,2021,1
1612396800000,2,4,2021,1
1612483200000,2,5,2021,1
1612569600000,2,6,2021,1
1612656000000,2,7,2021,1
1612742400000,2,8,2021,1
1612828800000,2,9,2021,1
1612915200000,2,10,2021,1
1613001600000,2,11,2021,1
1613088000000,2,12,2021,1
1613174400000,2,13,2021,1
1613260800000,2,14,2021,1
1613347200000,2,15,2021,1
1613433600000,2,16,2021,1
1613520000000,2,17,2021,1
1613606400000,2,18,2021,1
1613692800000,2,19,2021,1
1613779200000,2,20,2021,1
1613865600000,2,21,2021,1
1613952000000,2,22,2021,1
1614038400000,2,23,2021,1
1614124800000,2,24,2021,1
1614211200000,2,25,2021,1
1614297600000,2,26,2021,1
1614384000000,2,27,2021,1
1614470400000,2,28,2021,1
1614556800000,3,1,2021,1
1614643200000,3,2,2021,1
1614729600000,3,3,2021,1
1614816000000,3,4,2021,1
1614902400000,3,5,2021,1
1614988800000,3,6,2021,1
1615075200000,3,7,2021,1
1615161600000,3,8,2021,1
1615248000000,3,9,2021,1
1615334400000,3,10,2021,1
1615420800000,3,11,2021,1
1615507200000,3,12,2021,1
1615593600000,3,13,2021,1
1615680000000,3,14,2021,1
1615766400000,3,15,2021,1
1615852800000,3,16,2021,1
1615939200000,3,17,2021,1
1616025600000,3,18,2021,1
1616112000000,3,19,2021,1
1616198400000,3,20,2021,1
1616284800000,3,21,2021,1
1616371200000,3,22,2021,1
1616457600000,3,23,2021,1
1616544000000,3,24,2021,1
1616630400000,3,25,2021,1
1616716800000,3,26,2021,1
1616803200000,3,27,2021,1
1616889600000,3,28,2021,1
1616976000000,3,29,2021,1
1617062400000,3,30,2021,1
1617148800000,3,31,2021,1
1617235200000,4,1,2021,2
1617321600000,4,2,2021,2
1617408000000,4,3,2021,2
1617494400000,4,4,2021,2
1617580800000,4,5,2021,2
1617667200000,4,6,2021,2
1617753600000,4,7,2021,2
1617840000000,4,8,2021,2
1617926400000,4,9,2021,2
1618012800000,4,10,2021,2
1618099200000,4,11,2021,2
1618185600000,4,12,2021,2
1618272000000,4,13,2021,2
1618358400000,4,14,2021,2
1618444800000,4,15,2021,2
1618531200000,4,16,2021,2
1618617600000,4,17,2021,2
1618704000000,4,18,2021,2
1618790400000,4,19,2021,2
1618876800000,4,20,2021,2
1618963200000,4,21,2021,2
1619049600000,4,22,2021,2
1619136000000,4,23,2021,2
1619222400000,4,24,2021,2
1619308800000,4,25,2021,2
1619395200000,4,26,2021,2
1619481600000,4,27,2021,2
1619568000000,4,28,2021,2
1619654400000,4,29,2021,2
1619740800000,4,30,2021,2
1619827200000,5,1,2021,2
1619913600000,5,2,2021,2
1620000000000,5,3,2021,2
1620086400000,5,4,2021,2
1620172800000,5,5,2021,2
1620259200000,5,6,2021,2
1620345600000,5,7,2021,2
1620432000000,5,8,2021,2
1620518400000,5,9,2021,2
1620604800000,5,10,2021,2
1620691200000,5,11,2021,2
1620777600000,5,12,2021,2
1620864000000,5,13,2021,2
1620950400000,5,14,2021,2
1621036800000,5,15,2021,2
1621123200000,5,16,2021,2
1621209600000,5,17,2021,2
1621296000000,5,18,2021,2
1621382400000,5,19,2021,2
1621468800000,5,20,2021,2
1621555200000,5,21,2021,2
1621641600000,5,22,2021,2
1621728000000,5,23,2021,2
1621814400000,5,24,2021,2
1621900800000,5,25,2021,2
1621987200000,5,26,2021,2
1622073600000,5,27,2021,2
1622160000000,5,28,2021,2
1622246400000,5,29,2021,2
1622332800000,5,30,2021,2
1622419200000,5,31,2021,2
1622505600000,6,1,2021,2
1622592000000,6,2,2021,2
1622678400000,6,3,2021,2
1622764800000,6,4,2021,2
1622851200000,6,5,2021,2
1622937600000,6,6,2021,2
1623024000000,6,7,2021,2
1623110400000,6,8,2021,2
1623196800000,6,9,2021,2
1623283200000,6,10,2021,2
1623369600000,6,11,2021,2
1623456000000,6,12,2021,2
1623542400000,6,13,2021,2
1623628800000,6,14,2021,2
1623715200000,6,15,2021,2
1623801600000,6,16,2021,2
1623888000000,6,17,2021,2
1623974400000,6,18,2021,2
1624060800000,6,19,2021,2
1624147200000,6,20,2021,2
1624233600000,6,21,2021,2
1624320000000,6,22,2021,2
1624406400000,6,23,2021,2
1624492800000,6,24,2021,2
1624579200000,6,25,2021,2
1624665600000,6,26,2021,2
1624752000000,6,27,2021,2
1624838400000,6,28,2021,2
1624924800000,6,29,2021,2
1625011200000,6,30,2021,2
1625097600000,7,1,2021,3
1625184000000,7,2,2021,3
1625270400000,7,3,2021,3
1625356800000,7,4,2021,3
1625443200000,7,5,2021,3
1625529600000,7,6,2021,3
1625616000000,7,7,2021,3
1625702400000,7,8,2021,3
1625788800000,7,9,2021,3
1625875200000,7,10,2021,3
1625961600000,7,11,2021,3
1626048000000,7,12,2021,3
1626134400000,7,13,2021,3
1626220800000,7,14,2021,3
1626307200000,7,15,2021,3
1626393600000,7,16,2021,3
1626480000000,7,17,2021,3
1626566400000,7,18,2021,3
1626652800000,7,19,2021,3
1626739200000,7,20,2021,3
1626825600000,7,21,2021,3
1626912000000,7,22,2021,3
1626998400000,7,23,2021,3
1627084800000,7,24,2021,3
1627171200000,7,25,2021,3
1627257600000,7,26,2021,3
1627344000000,7,27,2021,3
1627430400000,7,28,2021,3
1627516800000,7,29,2021,3
1627603200000,7,30,2021,3
1627689600000,7,31,2021,3
1627776000000,8,1,2021,3
1627862400000,8,2,2021,3
1627948800000,8,3,2021,3
1628035200000,8,4,2021,3
1628121600000,8,5,2021,3
1628208000000,8,6,2021,3
1628294400000,8,7,2021,3
1628380800000,8,8,2021,3
1628467200000,8,9,2021,3
1628553600000,8,10,2021,3
1628640000000,8,11,2021,3
1628726400000,8,12,2021,3
1628812800000,8,13,2021,3
1628899200000,8,14,2021,3
1628985600000,8,15,2021,3
1629072000000,8,16,2021,3
1629158400000,8,17,2021,3
1629244800000,8,18,2021,3
1629331200000,8,19,2021,3
1629417600000,8,20,2021,3
1629504000000,8,21,2021,3
1629590400000,8,22,2021,3
1629676800000,8,23,2021,3
1629763200000,8,24,2021,3
1629849600000,8,25,2021,3
1629936000000,8,26,2021,3
1630022400000,8,27,2021,3
1630108800000,8,28,2021,3
1630195200000,8,29,2021,3
1630281600000,8,30,2021,3
1630368000000,8,31,2021,3
1630454400000,9,1,2021,3
1630540800000,9,2,2021,3
1630627200000,9,3,2021,3
1630713600000,9,4,2021,3
1630800000000,9,5,2021,3
1630886400000,9,6,2021,3
1630972800000,9,7,2021,3
1631059200000,9,8,2021,3
1631145600000,9,9,2021,3
1631232000000,9,10,2021,3
1631318400000,9,11,2021,3
1631404800000,9,12,2021,3
1631491200000,9,13,2021,3
1631577600000,9,14,2021,3
1631664000000,9,15,2021,3
1631750400000,9,16,2021,3
1631836800000,9,17,2021,3
1631923200000,9,18,2021,3
1632009600000,9,19,2021,3
1632096000000,9,20,2021,3
1632182400000,9,21,2021,3
1632268800000,9,22,2021,3
1632355200000,9,23,2021,3
1632441600000,9,24,2021,3
1632528000000,9,25,2021,3
1632614400000,9,26,2021,3
1632700800000,9,27,2021,3
1632787200000,9,28,2021,3
1632873600000,9,29,2021,3
1632960000000,9,30,2021,3
1633046400000,10,1,2021,4
1633132800000,10,2,2021,4
1633219200000,10,3,2021,4
1633305600000,10,4,2021,4
1633392000000,10,5,2021,4
1633478400000,10,6,2021,4
1633564800000,10,7,2021,4
1633651200000,10,8,2021,4
1633737600000,10,9,2021,4
1633824000000,10,10,2021,4
1633910400000,10,11,2021,4
1633996800000,10,12,2021,4
1634083200000,10,13,2021,4
1634169600000,10,14,2021,4
1634256000000,10,15,2021,4
1634342400000,10,16,2021,4
1634428800000,10,17,2021,4
1634515200000,10,18,2021,4
1634601600000,10,19,2021,4
1634688000000,10,20,2021,4
1634774400000,10,21,2021,4
1634860800000,10,22,2021,4
1634947200000,10,23,2021,4
1635033600000,10,24,2021,4
1635120000000,10,25,2021,4
1635206400000,10,26,2021,4
1635292800000,10,27,2021,4
1635379200000,10,28,2021,4
1635465600000,10,29,2021,4
1635552000000,10,30,2021,4
1635638400000,10,31,2021,4
1635724800000,11,1,2021,4
1635811200000,11,2,2021,4
1635897600000,11,3,2021,4
1635984000000,11,4,2021,4
1636070400000,11,5,2021,4
1636156800000,11,6,2021,4
1636243200000,11,7,2021,4
1636329600000,11,8,2021,4
1636416000000,11,9,2021,4
1636502400000,11,10,2021,4
1636588800000,11,11,2021,4
1636675200000,11,12,2021,4
1636761600000,11,13,2021,4
1636848000000,11,14,2021,4
1636934400000,11,15,2021,4
1637020800000,11,16,2021,4
1637107200000,11,17,2021,4
1637193600000,11,18,2021,4
1637280000000,11,19,2021,4
1637366400000,11,20,2021,4
1637452800000,11,21,2021,4
1637539200000,11,22,2021,4
1637625600000,11,23,2021,4
1637712000000,11,24,2021,4
1637798400000,11,25,2021,4
1637884800000,11,26,2021,4
1637971200000,11,27,2021,4
1638057600000,11,28,2021,4
1638144000000,11,29,2021,4
1638230400000,11,30,2021,4
1638316800000,12,1,2021,4
1638403200000,12,2,2021,4
1638489600000,12,3,2021,4
1638576000000,12,4,2021,4
1638662400000,12,5,2021,4
1638748800000,12,6,2021,4
1638835200000,12,7,2021,4
1638921600000,12,8,2021,4
1639008000000,12,9,2021,4
1639094400000,12,10,2021,4
1639180800000,12,11,2021,4
1639267200000,12,12,2021,4
1639353600000,12,13,2021,4
1639440000000,12,14,2021,4
1639526400000,12,15,2021,4
1639612800000,12,16,2021,4
1639699200000,12,17,2021,4
1639785600000,12,18,2021,4
1639872000000,12,19,2021,4
1639958400000,12,20,2021,4
1640044800000,12,21,2021,4
1640131200000,12,22,2021,4
1640217600000,12,23,2021,4
1640304000000,12,24,2021,4
1640390400000,12,25,2021,4
1640476800000,12,26,2021,4
1640563200000,12,27,2021,4
1640649600000,12,28,2021,4
1640736000000,12,29,2021,4
1640822400000,12,30,2021,4
1640908800000,12,31,2021,4
1640995200000,1,1,2022,1
1641081600000,1,2,2022,1
1641168000000,1,3,2022,1
1641254400000,1,4,2022,1
1641340800000,1,5,2022,1
1641427200000,1,6,2022,1
1641513600000,1,7,2022,1
1641600000000,1,8,2022,1
1641686400000,1,9,2022,1
1641772800000,1,10,2022,1
1641859200000,1,11,2022,1
1641945600000,1,12,2022,1
1642032000000,1,13,2022,1
1642118400000,1,14,2022,1
1642204800000,1,15,2022,1
1642291200000,1,16,2022,1
1642377600000,1,17,2022,1
1642464000000,1,18,2022,1
1642550400000,1,19,2022,1
1642636800000,1,20,2022,1
1642723200000,1,21,2022,1
1642809600000,1,22,2022,1
1642896000000,1,23,2022,1
1642982400000,1,24,2022,1
1643068800000,1,25,2022,1
1643155200000,1,26,2022,1
1643241600000,1,27,2022,1
1643328000000,1,28,2022,1
1643414400000,1,29,2022,1
1643500800000,1,30,2022,1
1643587200000,1,31,2022,1
1643673600000,2,1,2022,1
1643760000000,2,2,2022,1
1643846400000,2,3,2022,1
1643932800000,2,4,2022,1
1644019200000,2,5,2022,1
1644105600000,2,6,2022,1
1644192000000,2,7,2022,1
1644278400000,2,8,2022,1
1644364800000,2,9,2022,1
1644451200000,2,10,2022,1
1644537600000,2,11,2022,1
1644624000000,2,12,2022,1
1644710400000,2,13,2022,1
1644796800000,2,14,2022,1
1644883200000,2,15,2022,1
1644969600000,2,16,2022,1
1645056000000,2,17,2022,1
1645142400000,2,18,2022,1
1645228800000,2,19,2022,1
1645315200000,2,20,2022,1
1645401600000,2,21,2022,1
1645488000000,2,22,2022,1
1645574400000,2,23,2022,1
1645660800000,2,24,2022,1
1645747200000,2,25,2022,1
1645833600000,2,26,2022,1
1645920000000,2,27,2022,1
1646006400000,2,28,2022,1
1646092800000,3,1,2022,1
1646179200000,3,2,2022,1
1646265600000,3,3,2022,1
1646352000000,3,4,2022,1
1646438400000,3,5,2022,1
1646524800000,3,6,2022,1
1646611200000,3,7,2022,1
1646697600000,3,8,2022,1
1646784000000,3,9,2022,1
1646870400000,3,10,2022,1
1646956800000,3,11,2022,1
1647043200000,3,12,2022,1
1647129600000,3,13,2022,1
1647216000000,3,14,2022,1
1647302400000,3,15,2022,1
1647388800000,3,16,2022,1
1647475200000,3,17,2022,1
1647561600000,3,18,2022,1
1647648000000,3,19,2022,1
1647734400000,3,20,2022,1
1647820800000,3,21,2022,1
1647907200000,3,22,2022,1
1647993600000,3,23,2022,1
1648080000000,3,24,2022,1
1648166400000,3,25,2022,1
1648252800000,3,26,2022,1
1648339200000,3,27,2022,1
1648425600000,3,28,2022,1
1648512000000,3,29,2022,1
1648598400000,3,30,2022,1
1648684800000,3,31,2022,1
1648771200000,4,1,2022,2
1648857600000,4,2,2022,2
1648944000000,4,3,2022,2
1649030400000,4,4,2022,2
1649116800000,4,5,2022,2
1649203200000,4,6,2022,2
1649289600000,4,7,2022,2
1649376000000,4,8,2022,2
1649462400000,4,9,2022,2
1649548800000,4,10,2022,2
1649635200000,4,11,2022,2
1649721600000,4,12,2022,2
1649808000000,4,13,2022,2
1649894400000,4,14,2022,2
1649980800000,4,15,2022,2
1650067200000,4,16,2022,2
1650153600000,4,17,2022,2
1650240000000,4,18,2022,2
1650326400000,4,19,2022,2
1650412800000,4,20,2022,2
1650499200000,4,21,2022,2
1650585600000,4,22,2022,2
1650672000000,4,23,2022,2
1650758400000,4,24,2022,2
1650844800000,4,25,2022,2
1650931200000,4,26,2022,2
1651017600000,4,27,2022,2
1651104000000,4,28,2022,2
1651190400000,4,29,2022,2
1651276800000,4,30,2022,2
1651363200000,5,1,2022,2
1651449600000,5,2,2022,2
1651536000000,5,3,2022,2
1651622400000,5,4,2022,2
1651708800000,5,5,2022,2
1651795200000,5,6,2022,2
1651881600000,5,7,2022,2
1651968000000,5,8,2022,2
1652054400000,5,9,2022,2
1652140800000,5,10,2022,2
1652227200000,5,11,2022,2
1652313600000,5,12,2022,2
1652400000000,5,13,2022,2
1652486400000,5,14,2022,2
1652572800000,5,15,2022,2
1652659200000,5,16,2022,2
1652745600000,5,17,2022,2
1652832000000,5,18,2022,2
1652918400000,5,19,2022,2
1653004800000,5,20,2022,2
1653091200000,5,21,2022,2
1653177600000,5,22,2022,2
1653264000000,5,23,2022,2
1653350400000,5,24,2022,2
1653436800000,5,25,2022,2
1653523200000,5,26,2022,2
1653609600000,5,27,2022,2
1653696000000,5,28,2022,2
1653782400000,5,29,2022,2
1653868800000,5,30,2022,2
1653955200000,5,31,2022,2
1654041600000,6,1,2022,2
1654128000000,6,2,2022,2
1654214400000,6,3,2022,2
1654300800000,6,4,2022,2
1654387200000,6,5,2022,2
1654473600000,6,6,2022,2
1654560000000,6,7,2022,2
1654646400000,6,8,2022,2
1654732800000,6,9,2022,2
1654819200000,6,10,2022,2
1654905600000,6,11,2022,2
1654992000000,6,12,2022,2
1655078400000,6,13,2022,2
1655164800000,6,14,2022,2
1655251200000,6,15,2022,2
1655337600000,6,16,2022,2
1655424000000,6,17,2022,2
1655510400000,6,18,2022,2
1655596800000,6,19,2022,2
1655683200000,6,20,2022,2
1655769600000,6,21,2022,2
1655856000000,6,22,2022,2
1655942400000,6,23,2022,2
1656028800000,6,24,2022,2
1656115200000,6,25,2022,2
1656201600000,6,26,2022,2
1656288000000,6,27,2022,2
1656374400000,6,28,2022,2
1656460800000,6,29,2022,2
1656547200000,6,30,2022,2
1656633600000,7,1,2022,3
1656720000000,7,2,2022,3
1656806400000,7,3,2022,3
1656892800000,7,4,2022,3
1656979200000,7,5,2022,3
1657065600000,7,6,2022,3
1657152000000,7,7,2022,3
1657238400000,7,8,2022,3
1657324800000,7,9,2022,3
1657411200000,7,10,2022,3
1657497600000,7,11,2022,3
1657584000000,7,12,2022,3
1657670400000,7,13,2022,3
1657756800000,7,14,2022,3
1657843200000,7,15,2022,3
1657929600000,7,16,2022,3
1658016000000,7,17,2022,3
1658102400000,7,18,2022,3
1658188800000,7,19,2022,3
1658275200000,7,20,2022,3
1658361600000,7,21,2022,3
1658448000000,7,22,2022,3
1658534400000,7,23,2022,3
1658620800000,7,24,2022,3
1658707200000,7,25,2022,3
1658793600000,7,26,2022,3
1658880000000,7,27,2022,3
1658966400000,7,28,2022,3
1659052800000,7,29,2022,3
1659139200000,7,30,2022,3
1659225600000,7,31,2022,3
1659312000000,8,1,2022,3
1659398400000,8,2,2022,3
1659484800000,8,3,2022,3
1659571200000,8,4,2022,3
1659657600000,8,5,2022,3
1659744000000,8,6,2022,3
1659830400000,8,7,2022,3
1659916800000,8,8,2022,3
1660003200000,8,9,2022,3
1660089600000,8,10,2022,3
1660176000000,8,11,2022,3
1660262400000,8,12,2022,3
1660348800000,8,13,2022,3
1660435200000,8,14,2022,3
1660521600000,8,15,2022,3
1660608000000,8,16,2022,3
1660694400000,8,17,2022,3
1660780800000,8,18,2022,3
1660867200000,8,19,2022,3
1660953600000,8,20,2022,3
1661040000000,8,21,2022,3
1661126400000,8,22,2022,3
1661212800000,8,23,2022,3
1661299200000,8,24,2022,3
1661385600000,8,25,2022,3
1661472000000,8,26,2022,3
1661558400000,8,27,2022,3
1661644800000,8,28,2022,3
1661731200000,8,29,2022,3
1661817600000,8,30,2022,3
1661904000000,8,31,2022,3
1661990400000,9,1,2022,3
1662076800000,9,2,2022,3
1662163200000,9,3,2022,3
1662249600000,9,4,2022,3
1662336000000,9,5,2022,3
1662422400000,9,6,2022,3
1662508800000,9,7,2022,3
1662595200000,9,8,2022,3
1662681600000,9,9,2022,3
1662768000000,9,10,2022,3
1662854400000,9,11,2022,3
1662940800000,9,12,2022,3
1663027200000,9,13,2022,3
1663113600000,9,14,2022,3
1663200000000,9,15,2022,3
1663286400000,9,16,2022,3
1663372800000,9,17,2022,3
1663459200000,9,18,2022,3
1663545600000,9,19,2022,3
1663632000000,9,20,2022,3
1663718400000,9,21,2022,3
1663804800000,9,22,2022,3
1663891200000,9,23,2022,3
1663977600000,9,24,2022,3
1664064000000,9,25,2022,3
1664150400000,9,26,2022,3
1664236800000,9,27,2022,3
1664323200000,9,28,2022,3
1664409600000,9,29,2022,3
1664496000000,9,30,2022,3
1664582400000,10,1,2022,4
1664668800000,10,2,2022,4
1664755200000,10,3,2022,4
1664841600000,10,4,2022,4
1664928000000,10,5,2022,4
1665014400000,10,6,2022,4
1665100800000,10,7,2022,4
1665187200000,10,8,2022,4
1665273600000,10,9,2022,4
1665360000000,10,10,2022,4
1665446400000,10,11,2022,4
1665532800000,10,12,2022,4
1665619200000,10,13,2022,4
1665705600000,10,14,2022,4
1665792000000,10,15,2022,4
1665878400000,10,16,2022,4
1665964800000,10,17,2022,4
1666051200000,10,18,2022,4
1666137600000,10,19,2022,4
1666224000000,10,20,2022,4
1666310400000,10,21,2022,4
1666396800000,10,22,2022,4
1666483200000,10,23,2022,4
1666569600000,10,24,2022,4
1666656000000,10,25,2022,4
1666742400000,10,26,2022,4
1666828800000,10,27,2022,4
1666915200000,10,28,2022,4
1667001600000,10,29,2022,4
1667088000000,10,30,2022,4
1667174400000,10,31,2022,4
1667260800000,11,1,2022,4
1667347200000,11,2,2022,4
1667433600000,11,3,2022,4
1667520000000,11,4,2022,4
1667606400000,11,5,2022,4
1667692800000,11,6,2022,4
1667779200000,11,7,2022,4
1667865600000,11,8,2022,4
1667952000000,11,9,2022,4
1668038400000,11,10,2022,4
1668124800000,11,11,2022,4
1668211200000,11,12,2022,4
1668297600000,11,13,2022,4
1668384000000,11,14,2022,4
1668470400000,11,15,2022,4
1668556800000,11,16,2022,4
1668643200000,11,17,2022,4
1668729600000,11,18,2022,4
1668816000000,11,19,2022,4
1668902400000,11,20,2022,4
1668988800000,11,21,2022,4
1669075200000,11,22,2022,4
1669161600000,11,23,2022,4
1669248000000,11,24,2022,4
1669334400000,11,25,2022,4
1669420800000,11,26,2022,4
1669507200000,11,27,2022,4
1669593600000,11,28,2022,4
1669680000000,11,29,2022,4
1669766400000,11,30,2022,4
1669852800000,12,1,2022,4
1669939200000,12,2,2022,4
1670025600000,12,3,2022,4
1670112000000,12,4,2022,4
1670198400000,12,5,2022,4
1670284800000,12,6,2022,4
1670371200000,12,7,2022,4
1670457600000,12,8,2022,4
1670544000000,12,9,2022,4
1670630400000,12,10,2022,4
1670716800000,12,11,2022,4
1670803200000,12,12,2022,4
1670889600000,12,13,2022,4
1670976000000,12,14,2022,4
1671062400000,12,15,2022,4
1671148800000,12,16,2022,4
1671235200000,12,17,2022,4
1671321600000,12,18,2022,4
1671408000000,12,19,2022,4
1671494400000,12,20,2022,4
1671580800000,12,21,2022,4
1671667200000,12,22,2022,4
1671753600000,12,23,2022,4
1671840000000,12,24,2022,4
1671926400000,12,25,2022,4
1672012800000,12,26,2022,4
1672099200000,12,27,2022,4
1672185600000,12,28,2022,4
1672272000000,12,29,2022,4
1672358400000,12,30,2022,4
1672444800000,12,31,2022,4
1672531200000,1,1,2023,1
1672617600000,1,2,2023,1
1672704000000,1,3,2023,1
1672790400000,1,4,2023,1
1672876800000,1,5,2023,1
1672963200000,1,6,2023,1
1673049600000,1,7,2023,1
1673136000000,1,8,2023,1
1673222400000,1,9,2023,1
1673308800000,1,10,2023,1
1673395200000,1,11,2023,1
1673481600000,1,12,2023,1
1673568000000,1,13,2023,1
1673654400000,1,14,2023,1
1673740800000,1,15,2023,1
1673827200000,1,16,2023,1
1673913600000,1,17,2023,1
1674000000000,1,18,2023,1
1674086400000,1,19,2023,1
1674172800000,1,20,2023,1
1674259200000,1,21,2023,1
1674345600000,1,22,2023,1
1674432000000,1,23,2023,1
1674518400000,1,24,2023,1
1674604800000,1,25,2023,1
1674691200000,1,26,2023,1
1674777600000,1,27,2023,1
1674864000000,1,28,2023,1
1674950400000,1,29,2023,1
1675036800000,1,30,2023,1
1675123200000,1,31,2023,1
1675209600000,2,1,2023,1
1675296000000,2,2,2023,1
1675382400000,2,3,2023,1
1675468800000,2,4,2023,1
1675555200000,2,5,2023,1
1675641600000,2,6,2023,1
1675728000000,2,7,2023,1
1675814400000,2,8,2023,1
1675900800000,2,9,2023,1
1675987200000,2,10,2023,1
1676073600000,2,11,2023,1
1676160000000,2,12,2023,1
1676246400000,2,13,2023,1
1676332800000,2,14,2023,1
1676419200000,2,15,2023,1
1676505600000,2,16,2023,1
1676592000000,2,17,2023,1
1676678400000,2,18,2023,1
1676764800000,2,19,2023,1
1676851200000,2,20,2023,1
1676937600000,2,21,2023,1
1677024000000,2,22,2023,1
1677110400000,2,23,2023,1
1677196800000,2,24,2023,1
1677283200000,2,25,2023,1
1677369600000,2,26,2023,1
1677456000000,2,27,2023,1
1677542400000,2,28,2023,1
1677628800000,3,1,2023,1
1677715200000,3,2,2023,1
1677801600000,3,3,2023,1
1677888000000,3,4,2023,1
1677974400000,3,5,2023,1
1678060800000,3,6,2023,1
1678147200000,3,7,2023,1
1678233600000,3,8,2023,1
1678320000000,3,9,2023,1
1678406400000,3,10,2023,1
1678492800000,3,11,2023,1
1678579200000,3,12,2023,1
1678665600000,3,13,2023,1
1678752000000,3,14,2023,1
1678838400000,3,15,2023,1
1678924800000,3,16,2023,1
1679011200000,3,17,2023,1
1679097600000,3,18,2023,1
1679184000000,3,19,2023,1
1679270400000,3,20,2023,1
1679356800000,3,21,2023,1
1679443200000,3,22,2023,1
1679529600000,3,23,2023,1
1679616000000,3,24,2023,1
1679702400000,3,25,2023,1
1679788800000,3,26,2023,1
1679875200000,3,27,2023,1
1679961600000,3,28,2023,1
1680048000000,3,29,2023,1
1680134400000,3,30,2023,1
1680220800000,3,31,2023,1
1680307200000,4,1,2023,2
1680393600000,4,2,2023,2
1680480000000,4,3,2023,2
1680566400000,4,4,2023,2
1680652800000,4,5,2023,2
1680739200000,4,6,2023,2
1680825600000,4,7,2023,2
1680912000000,4,8,2023,2
1680998400000,4,9,2023,2
1681084800000,4,10,2023,2
1681171200000,4,11,2023,2
1681257600000,4,12,2023,2
1681344000000,4,13,2023,2
1681430400000,4,14,2023,2
1681516800000,4,15,2023,2
1681603200000,4,16,2023,2
1681689600000,4,17,2023,2
1681776000000,4,18,2023,2
1681862400000,4,19,2023,2
1681948800000,4,20,2023,2
1682035200000,4,21,2023,2
1682121600000,4,22,2023,2
1682208000000,4,23,2023,2
1682294400000,4,24,2023,2
1682380800000,4,25,2023,2
1682467200000,4,26,2023,2
1682553600000,4,27,2023,2
1682640000000,4,28,2023,2
1682726400000,4,29,2023,2
1682812800000,4,30,2023,2
1682899200000,5,1,2023,2
1682985600000,5,2,2023,2
1683072000000,5,3,2023,2
1683158400000,5,4,2023,2
1683244800000,5,5,2023,2
1683331200000,5,6,2023,2
1683417600000,5,7,2023,2
1683504000000,5,8,2023,2
1683590400000,5,9,2023,2
1683676800000,5,10,2023,2
1683763200000,5,11,2023,2
1683849600000,5,12,2023,2
1683936000000,5,13,2023,2
1684022400000,5,14,2023,2
1684108800000,5,15,2023,2
1684195200000,5,16,2023,2
1684281600000,5,17,2023,2
1684368000000,5,18,2023,2
1684454400000,5,19,2023,2
1684540800000,5,20,2023,2
1684627200000,5,21,2023,2
1684713600000,5,22,2023,2
1684800000000,5,23,2023,2
1684886400000,5,24,2023,2
1684972800000,5,25,2023,2
1685059200000,5,26,2023,2
1685145600000,5,27,2023,2
1685232000000,5,28,2023,2
1685318400000,5,29,2023,2
1685404800000,5,30,2023,2
1685491200000,5,31,2023,2
1685577600000,6,1,2023,2
1685664000000,6,2,2023,2
1685750400000,6,3,2023,2
1685836800000,6,4,2023,2
1685923200000,6,5,2023,2
1686009600000,6,6,2023,2
1686096000000,6,7,2023,2
1686182400000,6,8,2023,2
1686268800000,6,9,2023,2
1686355200000,6,10,2023,2
1686441600000,6,11,2023,2
1686528000000,6,12,2023,2
1686614400000,6,13,2023,2
1686700800000,6,14,2023,2
1686787200000,6,15,2023,2
1686873600000,6,16,2023,2
1686960000000,6,17,2023,2
1687046400000,6,18,2023,2
1687132800000,6,19,2023,2
1687219200000,6,20,2023,2
1687305600000,6,21,2023,2
1687392000000,6,22,2023,2
1687478400000,6,23,2023,2
1687564800000,6,24,2023,2
1687651200000,6,25,2023,2
1687737600000,6,26,2023,2
1687824000000,6,27,2023,2
1687910400000,6,28,2023,2
1687996800000,6,29,2023,2
1688083200000,6,30,2023,2
1688169600000,7,1,2023,3
1688256000000,7,2,2023,3
1688342400000,7,3,2023,3
1688428800000,7,4,2023,3
1688515200000,7,5,2023,3
1688601600000,7,6,2023,3
1688688000000,7,7,2023,3
1688774400000,7,8,2023,3
1688860800000,7,9,2023,3
1688947200000,7,10,2023,3
1689033600000,7,11,2023,3
1689120000000,7,12,2023,3
1689206400000,7,13,2023,3
1689292800000,7,14,2023,3
1689379200000,7,15,2023,3
1689465600000,7,16,2023,3
1689552000000,7,17,2023,3
1689638400000,7,18,2023,3
1689724800000,7,19,2023,3
1689811200000,7,20,2023,3
1689897600000,7,21,2023,3
1689984000000,7,22,2023,3
1690070400000,7,23,2023,3
1690156800000,7,24,2023,3
1690243200000,7,25,2023,3
1690329600000,7,26,2023,3
1690416000000,7,27,2023,3
1690502400000,7,28,2023,3
1690588800000,7,29,2023,3
1690675200000,7,30,2023,3
1690761600000,7,31,2023,3
1690848000000,8,1,2023,3
1690934400000,8,2,2023,3
1691020800000,8,3,2023,3
1691107200000,8,4,2023,3
1691193600000,8,5,2023,3
1691280000000,8,6,2023,3
1691366400000,8,7,2023,3
1691452800000,8,8,2023,3
1691539200000,8,9,2023,3
1691625600000,8,10,2023,3
1691712000000,8,11,2023,3
1691798400000,8,12,2023,3
1691884800000,8,13,2023,3
1691971200000,8,14,2023,3
1692057600000,8,15,2023,3
1692144000000,8,16,2023,3
1692230400000,8,17,2023,3
1692316800000,8,18,2023,3
1692403200000,8,19,2023,3
1692489600000,8,20,2023,3
1692576000000,8,21,2023,3
1692662400000,8,22,2023,3
1692748800000,8,23,2023,3
1692835200000,8,24,2023,3
1692921600000,8,25,2023,3
1693008000000,8,26,2023,3
1693094400000,8,27,2023,3
1693180800000,8,28,2023,3
1693267200000,8,29,2023,3
1693353600000,8,30,2023,3
1693440000000,8,31,2023,3
1693526400000,9,1,2023,3
1693612800000,9,2,2023,3
1693699200000,9,3,2023,3
1693785600000,9,4,2023,3
1693872000000,9,5,2023,3
1693958400000,9,6,2023,3
1694044800000,9,7,2023,3
1694131200000,9,8,2023,3
1694217600000,9,9,2023,3
1694304000000,9,10,2023,3
1694390400000,9,11,2023,3
1694476800000,9,12,2023,3
1694563200000,9,13,2023,3
1694649600000,9,14,2023,3
1694736000000,9,15,2023,3
1694822400000,9,16,2023,3
1694908800000,9,17,2023,3
1694995200000,9,18,2023,3
1695081600000,9,19,2023,3
1695168000000,9,20,2023,3
1695254400000,9,21,2023,3
1695340800000,9,22,2023,3
1695427200000,9,23,2023,3
1695513600000,9,24,2023,3
1695600000000,9,25,2023,3
1695686400000,9,26,2023,3
1695772800000,9,27,2023,3
1695859200000,9,28,2023,3
1695945600000,9,29,2023,3
1696032000000,9,30,2023,3
1696118400000,10,1,2023,4
1696204800000,10,2,2023,4
1696291200000,10,3,2023,4
1696377600000,10,4,2023,4
1696464000000,10,5,2023,4
1696550400000,10,6,2023,4
1696636800000,10,7,2023,4
1696723200000,10,8,2023,4
1696809600000,10,9,2023,4
1696896000000,10,10,2023,4
1696982400000,10,11,2023,4
1697068800000,10,12,2023,4
1697155200000,10,13,2023,4
1697241600000,10,14,2023,4
1697328000000,10,15,2023,4
1697414400000,10,16,2023,4
1697500800000,10,17,2023,4
1697587200000,10,18,2023,4
1697673600000,10,19,2023,4
1697760000000,10,20,2023,4
1697846400000,10,21,2023,4
1697932800000,10,22,2023,4
1698019200000,10,23,2023,4
1698105600000,10,24,2023,4
1698192000000,10,25,2023,4
1698278400000,10,26,2023,4
1698364800000,10,27,2023,4
1698451200000,10,28,2023,4
1698537600000,10,29,2023,4
1698624000000,10,30,2023,4
1698710400000,10,31,2023,4
1698796800000,11,1,2023,4
1698883200000,11,2,2023,4
1698969600000,11,3,2023,4
1699056000000,11,4,2023,4
1699142400000,11,5,2023,4
1699228800000,11,6,2023,4
1699315200000,11,7,2023,4
1699401600000,11,8,2023,4
1699488000000,11,9,2023,4
1699574400000,11,10,2023,4
1699660800000,11,11,2023,4
1699747200000,11,12,2023,4
1699833600000,11,13,2023,4
1699920000000,11,14,2023,4
1700006400000,11,15,2023,4
1700092800000,11,16,2023,4
1700179200000,11,17,2023,4
1700265600000,11,18,2023,4
1700352000000,11,19,2023,4
1700438400000,11,20,2023,4
1700524800000,11,21,2023,4
1700611200000,11,22,2023,4
1700697600000,11,23,2023,4
1700784000000,11,24,2023,4
1700870400000,11,25,2023,4
1700956800000,11,26,2023,4
1701043200000,11,27,2023,4
1701129600000,11,28,2023,4
1701216000000,11,29,2023,4
1701302400000,11,30,2023,4
1701388800000,12,1,2023,4
1701475200000,12,2,2023,4
1701561600000,12,3,2023,4
1701648000000,12,4,2023,4
1701734400000,12,5,2023,4
1701820800000,12,6,2023,4
1701907200000,12,7,2023,4
1701993600000,12,8,2023,4
1702080000000,12,9,2023,4
1702166400000,12,10,2023,4
1702252800000,12,11,2023,4
1702339200000,12,12,2023,4
1702425600000,12,13,2023,4
1702512000000,12,14,2023,4
1702598400000,12,15,2023,4
1702684800000,12,16,2023,4
1702771200000,12,17,2023,4
1702857600000,12,18,2023,4
1702944000000,12,19,2023,4
1703030400000,12,20,2023,4
1703116800000,12,21,2023,4
1703203200000,12,22,2023,4
1703289600000,12,23,2023,4
1703376000000,12,24,2023,4
1703462400000,12,25,2023,4
1703548800000,12,26,2023,4
1703635200000,12,27,2023,4
1703721600000,12,28,2023,4
1703808000000,12,29,2023,4
1703894400000,12,30,2023,4
1703980800000,12,31,2023,4
1704067200000,1,1,2024,1
1704153600000,1,2,2024,1
1704240000000,1,3,2024,1
1704326400000,1,4,2024,1
1704412800000,1,5,2024,1
1704499200000,1,6,2024,1
1704585600000,1,7,2024,1
1704672000000,1,8,2024,1
1704758400000,1,9,2024,1
1704844800000,1,10,2024,1
1704931200000,1,11,2024,1
1705017600000,1,12,2024,1
1705104000000,1,13,2024,1
1705190400000,1,14,2024,1
1705276800000,1,15,2024,1
1705363200000,1,16,2024,1
1705449600000,1,17,2024,1
1705536000000,1,18,2024,1
1705622400000,1,19,2024,1
1705708800000,1,20,2024,1
1705795200000,1,21,2024,1
1705881600000,1,22,2024,1
1705968000000,1,23,2024,1
1706054400000,1,24,2024,1
1706140800000,1,25,2024,1
1706227200000,1,26,2024,1
1706313600000,1,27,2024,1
1706400000000,1,28,2024,1
1706486400000,1,29,2024,1
1706572800000,1,30,2024,1
1706659200000,1,31,2024,1
1706745600000,2,1,2024,1
1706832000000,2,2,2024,1
1706918400000,2,3,2024,1
1707004800000,2,4,2024,1
1707091200000,2,5,2024,1
1707177600000,2,6,2024,1
1707264000000,2,7,2024,1
1707350400000,2,8,2024,1
1707436800000,2,9,2024,1
1707523200000,2,10,2024,1
1707609600000,2,11,2024,1
1707696000000,2,12,2024,1
1707782400000,2,13,2024,1
1707868800000,2,14,2024,1
1707955200000,2,15,2024,1
1708041600000,2,16,2024,1
1708128000000,2,17,2024,1
1708214400000,2,18,2024,1
1708300800000,2,19,2024,1
1708387200000,2,20,2024,1
1708473600000,2,21,2024,1
1708560000000,2,22,2024,1
1708646400000,2,23,2024,1
1708732800000,2,24,2024,1
1708819200000,2,25,2024,1
1708905600000,2,26,2024,1
1708992000000,2,27,2024,1
1709078400000,2,28,2024,1
1709164800000,2,29,2024,1
1709251200000,3,1,2024,1
1709337600000,3,2,2024,1
1709424000000,3,3,2024,1
1709510400000,3,4,2024,1
1709596800000,3,5,2024,1
1709683200000,3,6,2024,1
1709769600000,3,7,2024,1
1709856000000,3,8,2024,1
1709942400000,3,9,2024,1
1710028800000,3,10,2024,1
1710115200000,3,11,2024,1
1710201600000,3,12,2024,1
1710288000000,3,13,2024,1
1710374400000,3,14,2024,1
1710460800000,3,15,2024,1
1710547200000,3,16,2024,1
1710633600000,3,17,2024,1
1710720000000,3,18,2024,1
1710806400000,3,19,2024,1
1710892800000,3,20,2024,1
1710979200000,3,21,2024,1
1711065600000,3,22,2024,1
1711152000000,3,23,2024,1
1711238400000,3,24,2024,1
1711324800000,3,25,2024,1
1711411200000,3,26,2024,1
1711497600000,3,27,2024,1
1711584000000,3,28,2024,1
1711670400000,3,29,2024,1
1711756800000,3,30,2024,1
1711843200000,3,31,2024,1
1711929600000,4,1,2024,2
1712016000000,4,2,2024,2
1712102400000,4,3,2024,2
1712188800000,4,4,2024,2
1712275200000,4,5,2024,2
1712361600000,4,6,2024,2
1712448000000,4,7,2024,2
1712534400000,4,8,2024,2
1712620800000,4,9,2024,2
1712707200000,4,10,2024,2
1712793600000,4,11,2024,2
1712880000000,4,12,2024,2
1712966400000,4,13,2024,2
1713052800000,4,14,2024,2
1713139200000,4,15,2024,2
1713225600000,4,16,2024,2
1713312000000,4,17,2024,2
1713398400000,4,18,2024,2
1713484800000,4,19,2024,2
1713571200000,4,20,2024,2
1713657600000,4,21,2024,2
1713744000000,4,22,2024,2
1713830400000,4,23,2024,2
1713916800000,4,24,2024,2
1714003200000,4,25,2024,2
1714089600000,4,26,2024,2
1714176000000,4,27,2024,2
1714262400000,4,28,2024,2
1714348800000,4,29,2024,2
1714435200000,4,30,2024,2
1714521600000,5,1,2024,2
1714608000000,5,2,2024,2
1714694400000,5,3,2024,2
1714780800000,5,4,2024,2
1714867200000,5,5,2024,2
1714953600000,5,6,2024,2
1715040000000,5,7,2024,2
1715126400000,5,8,2024,2
1715212800000,5,9,2024,2
1715299200000,5,10,2024,2
1715385600000,5,11,2024,2
1715472000000,5,12,2024,2
1715558400000,5,13,2024,2
1715644800000,5,14,2024,2
1715731200000,5,15,2024,2
1715817600000,5,16,2024,2
1715904000000,5,17,2024,2
1715990400000,5,18,2024,2
1716076800000,5,19,2024,2
1716163200000,5,20,2024,2
1716249600000,5,21,2024,2
1716336000000,5,22,2024,2
1716422400000,5,23,2024,2
1716508800000,5,24,2024,2
1716595200000,5,25,2024,2
1716681600000,5,26,2024,2
1716768000000,5,27,2024,2
1716854400000,5,28,2024,2
1716940800000,5,29,2024,2
1717027200000,5,30,2024,2
1717113600000,5,31,2024,2
1717200000000,6,1,2024,2
1717286400000,6,2,2024,2
1717372800000,6,3,2024,2
1717459200000,6,4,2024,2
1717545600000,6,5,2024,2
1717632000000,6,6,2024,2
1717718400000,6,7,2024,2
1717804800000,6,8,2024,2
1717891200000,6,9,2024,2
1717977600000,6,10,2024,2
1718064000000,6,11,2024,2
1718150400000,6,12,2024,2
1718236800000,6,13,2024,2
1718323200000,6,14,2024,2
1718409600000,6,15,2024,2
1718496000000,6,16,2024,2
1718582400000,6,17,2024,2
1718668800000,6,18,2024,2
1718755200000,6,19,2024,2
1718841600000,6,20,2024,2
1718928000000,6,21,2024,2
1719014400000,6,22,2024,2
1719100800000,6,23,2024,2
1719187200000,6,24,2024,2
1719273600000,6,25,2024,2
1719360000000,6,26,2024,2
1719446400000,6,27,2024,2
1719532800000,6,28,2024,2
1719619200000,6,29,2024,2
1719705600000,6,30,2024,2
1719792000000,7,1,2024,3
1719878400000,7,2,2024,3
1719964800000,7,3,2024,3
1720051200000,7,4,2024,3
1720137600000,7,5,2024,3
1720224000000,7,6,2024,3
1720310400000,7,7,2024,3
1720396800000,7,8,2024,3
1720483200000,7,9,2024,3
1720569600000,7,10,2024,3
1720656000000,7,11,2024,3
1720742400000,7,12,2024,3
1720828800000,7,13,2024,3
1720915200000,7,14,2024,3
1721001600000,7,15,2024,3
1721088000000,7,16,2024,3
1721174400000,7,17,2024,3
1721260800000,7,18,2024,3
1721347200000,7,19,2024,3
1721433600000,7,20,2024,3
1721520000000,7,21,2024,3
1721606400000,7,22,2024,3
1721692800000,7,23,2024,3
1721779200000,7,24,2024,3
1721865600000,7,25,2024,3
1721952000000,7,26,2024,3
1722038400000,7,27,2024,3
1722124800000,7,28,2024,3
1722211200000,7,29,2024,3
1722297600000,7,30,2024,3
1722384000000,7,31,2024,3
1722470400000,8,1,2024,3
1722556800000,8,2,2024,3
1722643200000,8,3,2024,3
1722729600000,8,4,2024,3
1722816000000,8,5,2024,3
1722902400000,8,6,2024,3
1722988800000,8,7,2024,3
1723075200000,8,8,2024,3
1723161600000,8,9,2024,3
1723248000000,8,10,2024,3
1723334400000,8,11,2024,3
1723420800000,8,12,2024,3
1723507200000,8,13,2024,3
1723593600000,8,14,2024,3
1723680000000,8,15,2024,3
1723766400000,8,16,2024,3
1723852800000,8,17,2024,3
1723939200000,8,18,2024,3
1724025600000,8,19,2024,3
1724112000000,8,20,2024,3
1724198400000,8,21,2024,3
1724284800000,8,22,2024,3
1724371200000,8,23,2024,3
1724457600000,8,24,2024,3
1724544000000,8,25,2024,3
1724630400000,8,26,2024,3
1724716800000,8,27,2024,3
1724803200000,8,28,2024,3
1724889600000,8,29,2024,3
1724976000000,8,30,2024,3
1725062400000,8,31,2024,3
1725148800000,9,1,2024,3
1725235200000,9,2,2024,3
1725321600000,9,3,2024,3
1725408000000,9,4,2024,3
1725494400000,9,5,2024,3
1725580800000,9,6,2024,3
1725667200000,9,7,2024,3
1725753600000,9,8,2024,3
1725840000000,9,9,2024,3
1725926400000,9,10,2024,3
1726012800000,9,11,2024,3
1726099200000,9,12,2024,3
1726185600000,9,13,2024,3
1726272000000,9,14,2024,3
1726358400000,9,15,2024,3
1726444800000,9,16,2024,3
1726531200000,9,17,2024,3
1726617600000,9,18,2024,3
1726704000000,9,19,2024,3
1726790400000,9,20,2024,3
1726876800000,9,21,2024,3
1726963200000,9,22,2024,3
1727049600000,9,23,2024,3
1727136000000,9,24,2024,3
1727222400000,9,25,2024,3
1727308800000,9,26,2024,3
1727395200000,9,27,2024,3
1727481600000,9,28,2024,3
1727568000000,9,29,2024,3
1727654400000,9,30,2024,3
1727740800000,10,1,2024,4
1727827200000,10,2,2024,4
1727913600000,10,3,2024,4
1728000000000,10,4,2024,4
1728086400000,10,5,2024,4
1728172800000,10,6,2024,4
1728259200000,10,7,2024,4
1728345600000,10,8,2024,4
1728432000000,10,9,2024,4
1728518400000,10,10,2024,4
1728604800000,10,11,2024,4
1728691200000,10,12,2024,4
1728777600000,10,13,2024,4
1728864000000,10,14,2024,4
1728950400000,10,15,2024,4
1729036800000,10,16,2024,4
1729123200000,10,17,2024,4
1729209600000,10,18,2024,4
1729296000000,10,19,2024,4
1729382400000,10,20,2024,4
1729468800000,10,21,2024,4
1729555200000,10,22,2024,4
1729641600000,10,23,2024,4
1729728000000,10,24,2024,4
1729814400000,10,25,2024,4
1729900800000,10,26,2024,4
1729987200000,10,27,2024,4
1730073600000,10,28,2024,4
1730160000000,10,29,2024,4
1730246400000,10,30,2024,4
1730332800000,10,31,2024,4
1730419200000,11,1,2024,4
1730505600000,11,2,2024,4
1730592000000,11,3,2024,4
1730678400000,11,4,2024,4
1730764800000,11,5,2024,4
1730851200000,11,6,2024,4
1730937600000,11,7,2024,4
1731024000000,11,8,2024,4
1731110400000,11,9,2024,4
1731196800000,11,10,2024,4
1731283200000,11,11,2024,4
1731369600000,11,12,2024,4
1731456000000,11,13,2024,4
1731542400000,11,14,2024,4
1731628800000,11,15,2024,4
1731715200000,11,16,2024,4
1731801600000,11,17,2024,4
1731888000000,11,18,2024,4
1731974400000,11,19,2024,4
1732060800000,11,20,2024,4
1732147200000,11,21,2024,4
1732233600000,11,22,2024,4
1732320000000,11,23,2024,4
1732406400000,11,24,2024,4
1732492800000,11,25,2024,4
1732579200000,11,26,2024,4
1732665600000,11,27,2024,4
1732752000000,11,28,2024,4
1732838400000,11,29,2024,4
1732924800000,11,30,2024,4
1733011200000,12,1,2024,4
1733097600000,12,2,2024,4
1733184000000,12,3,2024,4
1733270400000,12,4,2024,4
1733356800000,12,5,2024,4
1733443200000,12,6,2024,4
1733529600000,12,7,2024,4
1733616000000,12,8,2024,4
1733702400000,12,9,2024,4
1733788800000,12,10,2024,4
1733875200000,12,11,2024,4
1733961600000,12,12,2024,4
1734048000000,12,13,2024,4
1734134400000,12,14,2024,4
1734220800000,12,15,2024,4
1734307200000,12,16,2024,4
1734393600000,12,17,2024,4
1734480000000,12,18,2024,4
1734566400000,12,19,2024,4
1734652800000,12,20,2024,4
1734739200000,12,21,2024,4
1734825600000,12,22,2024,4
1734912000000,12,23,2024,4
1734998400000,12,24,2024,4
1735084800000,12,25,2024,4
1735171200000,12,26,2024,4
1735257600000,12,27,2024,4
1735344000000,12,28,2024,4
1735430400000,12,29,2024,4
1735516800000,12,30,2024,4
1735603200000,12,31,2024,4
1735689600000,1,1,2025,1
1735776000000,1,2,2025,1
1735862400000,1,3,2025,1
1735948800000,1,4,2025,1
1736035200000,1,5,2025,1
1736121600000,1,6,2025,1
1736208000000,1,7,2025,1
1736294400000,1,8,2025,1
1736380800000,1,9,2025,1
1736467200000,1,10,2025,1
1736553600000,1,11,2025,1
1736640000000,1,12,2025,1
1736726400000,1,13,2025,1
1736812800000,1,14,2025,1
1736899200000,1,15,2025,1
1736985600000,1,16,2025,1
1737072000000,1,17,2025,1
1737158400000,1,18,2025,1
1737244800000,1,19,2025,1
1737331200000,1,20,2025,1
1737417600000,1,21,2025,1
1737504000000,1,22,2025,1
1737590400000,1,23,2025,1
1737676800000,1,24,2025,1
1737763200000,1,25,2025,1
1737849600000,1,26,2025,1
1737936000000,1,27,2025,1
1738022400000,1,28,2025,1
1738108800000,1,29,2025,1
1738195200000,1,30,2025,1
1738281600000,1,31,2025,1
1738368000000,2,1,2025,1
1738454400000,2,2,2025,1
1738540800000,2,3,2025,1
1738627200000,2,4,2025,1
1738713600000,2,5,2025,1
1738800000000,2,6,2025,1
1738886400000,2,7,2025,1
1738972800000,2,8,2025,1
1739059200000,2,9,2025,1
1739145600000,2,10,2025,1
1739232000000,2,11,2025,1
1739318400000,2,12,2025,1
1739404800000,2,13,2025,1
1739491200000,2,14,2025,1
1739577600000,2,15,2025,1
1739664000000,2,16,2025,1
1739750400000,2,17,2025,1
1739836800000,2,18,2025,1
1739923200000,2,19,2025,1
1740009600000,2,20,2025,1
1740096000000,2,21,2025,1
1740182400000,2,22,2025,1
1740268800000,2,23,2025,1
1740355200000,2,24,2025,1
1740441600000,2,25,2025,1
1740528000000,2,26,2025,1
1740614400000,2,27,2025,1
1740700800000,2,28,2025,1
1740787200000,3,1,2025,1
1740873600000,3,2,2025,1
1740960000000,3,3,2025,1
1741046400000,3,4,2025,1
1741132800000,3,5,2025,1
1741219200000,3,6,2025,1
1741305600000,3,7,2025,1
1741392000000,3,8,2025,1
1741478400000,3,9,2025,1
1741564800000,3,10,2025,1
1741651200000,3,11,2025,1
1741737600000,3,12,2025,1
1741824000000,3,13,2025,1
1741910400000,3,14,2025,1
1741996800000,3,15,2025,1
1742083200000,3,16,2025,1
1742169600000,3,17,2025,1
1742256000000,3,18,2025,1
1742342400000,3,19,2025,1
1742428800000,3,20,2025,1
1742515200000,3,21,2025,1
1742601600000,3,22,2025,1
1742688000000,3,23,2025,1
1742774400000,3,24,2025,1
1742860800000,3,25,2025,1
1742947200000,3,26,2025,1
1743033600000,3,27,2025,1
1743120000000,3,28,2025,1
1743206400000,3,29,2025,1
1743292800000,3,30,2025,1
1743379200000,3,31,2025,1
1743465600000,4,1,2025,2
1743552000000,4,2,2025,2
1743638400000,4,3,2025,2
1743724800000,4,4,2025,2
1743811200000,4,5,2025,2
1743897600000,4,6,2025,2
1743984000000,4,7,2025,2
1744070400000,4,8,2025,2
1744156800000,4,9,2025,2
1744243200000,4,10,2025,2
1744329600000,4,11,2025,2
1744416000000,4,12,2025,2
1744502400000,4,13,2025,2
1744588800000,4,14,2025,2
1744675200000,4,15,2025,2
1744761600000,4,16,2025,2
1744848000000,4,17,2025,2
1744934400000,4,18,2025,2
1745020800000,4,19,2025,2
1745107200000,4,20,2025,2
1745193600000,4,21,2025,2
1745280000000,4,22,2025,2
1745366400000,4,23,2025,2
1745452800000,4,24,2025,2
1745539200000,4,25,2025,2
1745625600000,4,26,2025,2
1745712000000,4,27,2025,2
1745798400000,4,28,2025,2
1745884800000,4,29,2025,2
1745971200000,4,30,2025,2
1746057600000,5,1,2025,2
1746144000000,5,2,2025,2
1746230400000,5,3,2025,2
1746316800000,5,4,2025,2
1746403200000,5,5,2025,2
1746489600000,5,6,2025,2
1746576000000,5,7,2025,2
1746662400000,5,8,2025,2
1746748800000,5,9,2025,2
1746835200000,5,10,2025,2
1746921600000,5,11,2025,2
1747008000000,5,12,2025,2
1747094400000,5,13,2025,2
1747180800000,5,14,2025,2
1747267200000,5,15,2025,2
1747353600000,5,16,2025,2
1747440000000,5,17,2025,2
1747526400000,5,18,2025,2
1747612800000,5,19,2025,2
1747699200000,5,20,2025,2
1747785600000,5,21,2025,2
1747872000000,5,22,2025,2
1747958400000,5,23,2025,2
1748044800000,5,24,2025,2
1748131200000,5,25,2025,2
1748217600000,5,26,2025,2
1748304000000,5,27,2025,2
1748390400000,5,28,2025,2
1748476800000,5,29,2025,2
1748563200000,5,30,2025,2
1748649600000,5,31,2025,2
1748736000000,6,1,2025,2
1748822400000,6,2,2025,2
1748908800000,6,3,2025,2
1748995200000,6,4,2025,2
1749081600000,6,5,2025,2
1749168000000,6,6,2025,2
1749254400000,6,7,2025,2
1749340800000,6,8,2025,2
1749427200000,6,9,2025,2
1749513600000,6,10,2025,2
1749600000000,6,11,2025,2
1749686400000,6,12,2025,2
1749772800000,6,13,2025,2
1749859200000,6,14,2025,2
1749945600000,6,15,2025,2
1750032000000,6,16,2025,2
1750118400000,6,17,2025,2
1750204800000,6,18,2025,2
1750291200000,6,19,2025,2
1750377600000,6,20,2025,2
1750464000000,6,21,2025,2
1750550400000,6,22,2025,2
1750636800000,6,23,2025,2
1750723200000,6,24,2025,2
1750809600000,6,25,2025,2
1750896000000,6,26,2025,2
1750982400000,6,27,2025,2
1751068800000,6,28,2025,2
1751155200000,6,29,2025,2
1751241600000,6,30,2025,2
1751328000000,7,1,2025,3
1751414400000,7,2,2025,3
1751500800000,7,3,2025,3
1751587200000,7,4,2025,3
1751673600000,7,5,2025,3
1751760000000,7,6,2025,3
1751846400000,7,7,2025,3
1751932800000,7,8,2025,3
1752019200000,7,9,2025,3
1752105600000,7,10,2025,3
1752192000000,7,11,2025,3
1752278400000,7,12,2025,3
1752364800000,7,13,2025,3
1752451200000,7,14,2025,3
1752537600000,7,15,2025,3
1752624000000,7,16,2025,3
1752710400000,7,17,2025,3
1752796800000,7,18,2025,3
1752883200000,7,19,2025,3
1752969600000,7,20,2025,3
1753056000000,7,21,2025,3
1753142400000,7,22,2025,3
1753228800000,7,23,2025,3
1753315200000,7,24,2025,3
1753401600000,7,25,2025,3
1753488000000,7,26,2025,3
1753574400000,7,27,2025,3
1753660800000,7,28,2025,3
1753747200000,7,29,2025,3
1753833600000,7,30,2025,3
1753920000000,7,31,2025,3
1754006400000,8,1,2025,3
1754092800000,8,2,2025,3
1754179200000,8,3,2025,3
1754265600000,8,4,2025,3
1754352000000,8,5,2025,3
1754438400000,8,6,2025,3
1754524800000,8,7,2025,3
1754611200000,8,8,2025,3
1754697600000,8,9,2025,3
1754784000000,8,10,2025,3
1754870400000,8,11,2025,3
1754956800000,8,12,2025,3
1755043200000,8,13,2025,3
1755129600000,8,14,2025,3
1755216000000,8,15,2025,3
1755302400000,8,16,2025,3
1755388800000,8,17,2025,3
1755475200000,8,18,2025,3
1755561600000,8,19,2025,3
1755648000000,8,20,2025,3
1755734400000,8,21,2025,3
1755820800000,8,22,2025,3
1755907200000,8,23,2025,3
1755993600000,8,24,2025,3
1756080000000,8,25,2025,3
1756166400000,8,26,2025,3
1756252800000,8,27,2025,3
1756339200000,8,28,2025,3
1756425600000,8,29,2025,3
1756512000000,8,30,2025,3
1756598400000,8,31,2025,3
1756684800000,9,1,2025,3
1756771200000,9,2,2025,3
1756857600000,9,3,2025,3
1756944000000,9,4,2025,3
1757030400000,9,5,2025,3
1757116800000,9,6,2025,3
1757203200000,9,7,2025,3
1757289600000,9,8,2025,3
1757376000000,9,9,2025,3
1757462400000,9,10,2025,3
1757548800000,9,11,2025,3
1757635200000,9,12,2025,3
1757721600000,9,13,2025,3
1757808000000,9,14,2025,3
1757894400000,9,15,2025,3
1757980800000,9,16,2025,3
1758067200000,9,17,2025,3
1758153600000,9,18,2025,3
1758240000000,9,19,2025,3
1758326400000,9,20,2025,3
1758412800000,9,21,2025,3
1758499200000,9,22,2025,3
1758585600000,9,23,2025,3
1758672000000,9,24,2025,3
1758758400000,9,25,2025,3
1758844800000,9,26,2025,3
1758931200000,9,27,2025,3
1759017600000,9,28,2025,3
1759104000000,9,29,2025,3
1759190400000,9,30,2025,3
1759276800000,10,1,2025,4
1759363200000,10,2,2025,4
1759449600000,10,3,2025,4
1759536000000,10,4,2025,4
1759622400000,10,5,2025,4
1759708800000,10,6,2025,4
1759795200000,10,7,2025,4
1759881600000,10,8,2025,4
1759968000000,10,9,2025,4
1760054400000,10,10,2025,4
1760140800000,10,11,2025,4
1760227200000,10,12,2025,4
1760313600000,10,13,2025,4
1760400000000,10,14,2025,4
1760486400000,10,15,2025,4
1760572800000,10,16,2025,4
1760659200000,10,17,2025,4
1760745600000,10,18,2025,4
1760832000000,10,19,2025,4
1760918400000,10,20,2025,4
1761004800000,10,21,2025,4
1761091200000,10,22,2025,4
1761177600000,10,23,2025,4
1761264000000,10,24,2025,4
1761350400000,10,25,2025,4
1761436800000,10,26,2025,4
1761523200000,10,27,2025,4
1761609600000,10,28,2025,4
1761696000000,10,29,2025,4
1761782400000,10,30,2025,4
1761868800000,10,31,2025,4
1761955200000,11,1,2025,4
1762041600000,11,2,2025,4
1762128000000,11,3,2025,4
1762214400000,11,4,2025,4
1762300800000,11,5,2025,4
1762387200000,11,6,2025,4
1762473600000,11,7,2025,4
1762560000000,11,8,2025,4
1762646400000,11,9,2025,4
1762732800000,11,10,2025,4
1762819200000,11,11,2025,4
1762905600000,11,12,2025,4
1762992000000,11,13,2025,4
1763078400000,11,14,2025,4
1763164800000,11,15,2025,4
1763251200000,11,16,2025,4
1763337600000,11,17,2025,4
1763424000000,11,18,2025,4
1763510400000,11,19,2025,4
1763596800000,11,20,2025,4
1763683200000,11,21,2025,4
1763769600000,11,22,2025,4
1763856000000,11,23,2025,4
1763942400000,11,24,2025,4
1764028800000,11,25,2025,4
1764115200000,11,26,2025,4
1764201600000,11,27,2025,4
1764288000000,11,28,2025,4
1764374400000,11,29,2025,4
1764460800000,11,30,2025,4
1764547200000,12,1,2025,4
1764633600000,12,2,2025,4
1764720000000,12,3,2025,4
1764806400000,12,4,2025,4
1764892800000,12,5,2025,4
1764979200000,12,6,2025,4
1765065600000,12,7,2025,4
1765152000000,12,8,2025,4
1765238400000,12,9,2025,4
1765324800000,12,10,2025,4
1765411200000,12,11,2025,4
1765497600000,12,12,2025,4
1765584000000,12,13,2025,4
1765670400000,12,14,2025,4
1765756800000,12,15,2025,4
1765843200000,12,16,2025,4
1765929600000,12,17,2025,4
1766016000000,12,18,2025,4
1766102400000,12,19,2025,4
1766188800000,12,20,2025,4
1766275200000,12,21,2025,4
1766361600000,12,22,2025,4
1766448000000,12,23,2025,4
1766534400000,12,24,2025,4
1766620800000,12,25,2025,4
1766707200000,12,26,2025,4
1766793600000,12,27,2025,4
1766880000000,12,28,2025,4
1766966400000,12,29,2025,4
1767052800000,12,30,2025,4
1767139200000,12,31,2025,4
